filename,width,height,class,xmin,ymin,xmax,ymax
- (1).jpg,225,426,ripe cacao,53,245,108,343
- (10).jpg,407,612,ripe cacao,135,188,247,403
- (100).jpg,612,459,ripe cacao,313,116,432,396
- (101).jpg,406,612,ripe cacao,44,93,333,506
- (104).jpg,410,612,ripe cacao,137,194,293,521
- (105).jpg,612,408,ripe cacao,348,93,491,311
- (106).jpg,408,612,ripe cacao,163,67,348,337
- (107).jpg,408,612,ripe cacao,197,135,240,209
- (107).jpg,408,612,ripe cacao,163,207,225,279
- (107).jpg,408,612,ripe cacao,147,282,190,352
- (107).jpg,408,612,ripe cacao,175,315,228,392
- (108).jpg,612,410,ripe cacao,73,1,99,28
- (108).jpg,612,410,ripe cacao,150,73,176,116
- (108).jpg,612,410,ripe cacao,136,212,151,237
- (108).jpg,612,410,ripe cacao,250,174,262,189
- (108).jpg,612,410,ripe cacao,282,206,297,225
- (108).jpg,612,410,ripe cacao,280,369,305,410
- (108).jpg,612,410,ripe cacao,355,200,366,216
- (108).jpg,612,410,ripe cacao,399,162,410,174
- (108).jpg,612,410,ripe cacao,452,193,470,235
- (108).jpg,612,410,ripe cacao,445,116,470,151
- (108).jpg,612,410,ripe cacao,501,156,518,180
- (109).jpg,612,459,ripe cacao,444,101,594,342
- (109).jpg,612,459,ripe cacao,292,72,441,348
- (109).jpg,612,459,ripe cacao,152,120,295,368
- (109).jpg,612,459,ripe cacao,4,115,135,332
- (11).jpg,612,408,ripe cacao,61,85,495,341
- (110).jpg,612,408,ripe cacao,237,43,397,331
- (112).jpg,612,408,ripe cacao,66,119,214,386
- (113).jpg,612,410,ripe cacao,98,55,216,328
- (113).jpg,612,410,ripe cacao,210,133,303,347
- (114).jpg,612,408,ripe cacao,293,28,541,345
- (115).jpg,612,408,ripe cacao,266,109,386,277
- (116).jpg,408,612,ripe cacao,127,71,154,143
- (116).jpg,408,612,ripe cacao,282,52,336,183
- (116).jpg,408,612,ripe cacao,286,195,327,309
- (116).jpg,408,612,ripe cacao,185,273,241,412
- (116).jpg,408,612,ripe cacao,114,383,147,474
- (116).jpg,408,612,ripe cacao,85,492,125,582
- (118).jpg,612,459,ripe cacao,204,57,260,135
- (118).jpg,612,459,ripe cacao,231,150,315,336
- (118).jpg,612,459,ripe cacao,367,181,481,385
- (119).jpg,612,410,ripe cacao,113,55,222,320
- (119).jpg,612,410,ripe cacao,205,139,297,349
- (12).jpg,612,406,ripe cacao,125,46,188,133
- (12).jpg,612,406,ripe cacao,174,141,242,233
- (12).jpg,612,406,ripe cacao,205,121,336,193
- (12).jpg,612,406,ripe cacao,303,108,369,170
- (12).jpg,612,406,ripe cacao,273,203,337,318
- (12).jpg,612,406,ripe cacao,71,163,159,272
- (12).jpg,612,406,ripe cacao,430,118,497,180
- (12).jpg,612,406,ripe cacao,490,245,556,359
- (120).jpg,612,459,ripe cacao,298,93,490,433
- (121).jpg,612,408,ripe cacao,282,85,435,334
- (122).jpg,612,418,ripe cacao,126,87,187,211
- (122).jpg,612,418,ripe cacao,341,175,425,304
- (122).jpg,612,418,ripe cacao,196,230,227,281
- (122).jpg,612,418,ripe cacao,225,221,252,272
- (122).jpg,612,418,ripe cacao,462,123,503,198
- (122).jpg,612,418,ripe cacao,222,130,284,232
- (122).jpg,612,418,ripe cacao,422,93,486,137
- (122).jpg,612,418,ripe cacao,215,286,300,384
- (123).jpg,612,407,ripe cacao,297,89,388,287
- (124).jpg,225,426,ripe cacao,55,243,108,341
- (125).jpg,612,344,ripe cacao,317,7,477,334
- (126).jpg,612,408,ripe cacao,248,64,535,341
- (127).jpg,990,743,ripe cacao,132,156,237,236
- (127).jpg,990,743,ripe cacao,126,262,222,386
- (127).jpg,990,743,ripe cacao,299,243,349,345
- (128).jpg,240,180,ripe cacao,37,20,133,160
- (129).jpg,612,418,ripe cacao,123,86,189,211
- (129).jpg,612,418,ripe cacao,196,231,230,282
- (129).jpg,612,418,ripe cacao,221,221,254,273
- (129).jpg,612,418,ripe cacao,225,130,279,229
- (129).jpg,612,418,ripe cacao,220,286,299,387
- (129).jpg,612,418,ripe cacao,339,174,425,306
- (129).jpg,612,418,ripe cacao,322,62,455,189
- (129).jpg,612,418,ripe cacao,429,94,480,132
- (129).jpg,612,418,ripe cacao,462,126,501,196
- (130).jpg,408,612,ripe cacao,279,48,340,189
- (130).jpg,408,612,ripe cacao,280,193,330,304
- (130).jpg,408,612,ripe cacao,183,275,241,420
- (130).jpg,408,612,ripe cacao,105,376,152,487
- (130).jpg,408,612,ripe cacao,79,482,130,604
- (131).jpg,612,408,ripe cacao,59,130,176,330
- (131).jpg,612,408,ripe cacao,235,208,299,307
- (132).jpg,612,408,ripe cacao,350,203,420,329
- (133).jpg,612,407,ripe cacao,93,159,149,240
- (134).jpg,410,612,ripe cacao,105,135,231,376
- (136).jpg,612,407,ripe cacao,46,182,144,327
- (136).jpg,612,407,ripe cacao,122,118,267,303
- (136).jpg,612,407,ripe cacao,248,127,281,225
- (136).jpg,612,407,ripe cacao,271,4,344,122
- (136).jpg,612,407,ripe cacao,330,101,422,289
- (138).jpg,612,408,ripe cacao,265,28,408,219
- (138).jpg,612,408,ripe cacao,383,124,527,341
- (139).jpg,612,612,ripe cacao,221,89,374,423
- (139).jpg,612,612,ripe cacao,354,142,574,493
- (14).jpg,612,408,ripe cacao,227,130,304,188
- (14).jpg,612,408,ripe cacao,274,157,335,260
- (140).jpg,612,409,ripe cacao,326,287,370,377
- (141).jpg,612,408,ripe cacao,107,88,487,324
- (142).jpg,408,612,ripe cacao,18,179,125,318
- (142).jpg,408,612,ripe cacao,191,260,264,405
- (142).jpg,408,612,ripe cacao,55,359,130,477
- (142).jpg,408,612,ripe cacao,125,410,195,541
- (142).jpg,408,612,ripe cacao,225,447,301,570
- (143).jpg,612,408,ripe cacao,146,204,439,353
- (144).jpg,408,612,ripe cacao,54,152,249,292
- (144).jpg,408,612,ripe cacao,110,300,216,386
- (144).jpg,408,612,ripe cacao,214,230,374,480
- (146).jpg,612,408,ripe cacao,61,160,139,256
- (146).jpg,612,408,ripe cacao,320,170,388,303
- (146).jpg,612,408,ripe cacao,377,192,455,315
- (147).jpg,408,612,ripe cacao,216,123,260,195
- (147).jpg,408,612,ripe cacao,200,193,257,282
- (147).jpg,408,612,ripe cacao,249,218,319,333
- (147).jpg,408,612,ripe cacao,287,158,346,256
- (147).jpg,408,612,ripe cacao,261,315,318,419
- (147).jpg,408,612,ripe cacao,319,290,385,380
- (147).jpg,408,612,ripe cacao,214,368,268,453
- (147).jpg,408,612,ripe cacao,208,446,268,546
- (149).jpg,612,408,ripe cacao,69,153,159,273
- (149).jpg,612,408,ripe cacao,386,158,464,316
- (149).jpg,612,408,ripe cacao,457,177,551,330
- (15).jpg,612,406,ripe cacao,199,188,263,332
- (15).jpg,612,406,ripe cacao,228,155,321,245
- (15).jpg,612,406,ripe cacao,302,152,365,278
- (15).jpg,612,406,ripe cacao,458,101,518,215
- (15).jpg,612,406,ripe cacao,510,99,569,199
- (150).jpg,612,408,ripe cacao,69,152,160,275
- (150).jpg,612,408,ripe cacao,384,157,461,315
- (150).jpg,612,408,ripe cacao,452,177,550,333
- (153).jpg,459,612,ripe cacao,73,91,230,327
- (153).jpg,459,612,ripe cacao,229,297,326,433
- (153).jpg,459,612,ripe cacao,324,414,419,534
- (154).jpg,459,612,ripe cacao,118,322,192,477
- (154).jpg,459,612,ripe cacao,204,325,280,460
- (154).jpg,459,612,ripe cacao,198,426,269,499
- (154).jpg,459,612,ripe cacao,266,318,334,424
- (154).jpg,459,612,ripe cacao,321,328,377,432
- (154).jpg,459,612,ripe cacao,299,13,368,147
- (155).jpg,612,405,ripe cacao,127,140,233,357
- (155).jpg,612,405,ripe cacao,464,153,563,341
- (157).jpg,612,408,ripe cacao,216,157,298,322
- (157).jpg,612,408,ripe cacao,299,111,382,277
- (158).jpg,612,459,ripe cacao,192,45,371,324
- (158).jpg,612,459,ripe cacao,370,65,577,342
- (159).jpg,612,460,ripe cacao,268,175,361,326
- (16).jpg,612,407,ripe cacao,197,84,289,245
- (16).jpg,612,407,ripe cacao,286,119,372,248
- (16).jpg,612,407,ripe cacao,316,197,411,373
- (16).jpg,612,407,ripe cacao,408,184,513,313
- (160).jpg,408,612,ripe cacao,93,212,202,459
- (160).jpg,408,612,ripe cacao,88,372,182,507
- (160).jpg,408,612,ripe cacao,311,455,392,610
- (160).jpg,408,612,ripe cacao,242,353,278,496
- (162).jpg,612,459,ripe cacao,283,67,345,182
- (162).jpg,612,459,ripe cacao,462,178,543,363
- (163).jpg,612,408,ripe cacao,106,81,207,315
- (164).jpg,612,409,ripe cacao,220,150,319,370
- (166).jpg,612,408,ripe cacao,152,130,269,311
- (166).jpg,612,408,ripe cacao,337,93,439,255
- (166).jpg,612,408,ripe cacao,329,200,418,302
- (167).jpg,612,422,ripe cacao,331,191,468,380
- (169).jpg,612,408,ripe cacao,107,70,252,256
- (17).jpg,612,408,ripe cacao,128,51,186,113
- (17).jpg,612,408,ripe cacao,294,130,358,239
- (17).jpg,612,408,ripe cacao,388,68,423,119
- (17).jpg,612,408,ripe cacao,391,265,466,398
- (170).jpg,612,408,ripe cacao,333,154,388,259
- (170).jpg,612,408,ripe cacao,565,182,612,269
- (171).jpg,612,408,ripe cacao,155,135,292,312
- (172).jpg,612,407,ripe cacao,201,85,289,247
- (172).jpg,612,407,ripe cacao,290,124,376,245
- (172).jpg,612,407,ripe cacao,312,199,412,374
- (172).jpg,612,407,ripe cacao,406,183,510,315
- (173).jpg,612,407,ripe cacao,225,19,303,114
- (173).jpg,612,407,ripe cacao,376,82,456,192
- (173).jpg,612,407,ripe cacao,450,204,512,316
- (173).jpg,612,407,ripe cacao,418,179,474,269
- (174).jpg,612,406,ripe cacao,54,237,133,329
- (174).jpg,612,406,ripe cacao,234,293,305,382
- (174).jpg,612,406,ripe cacao,261,145,340,235
- (174).jpg,612,406,ripe cacao,395,95,475,201
- (175).jpg,612,408,ripe cacao,147,73,242,212
- (175).jpg,612,408,ripe cacao,333,136,446,343
- (176).jpg,612,407,ripe cacao,146,107,327,397
- (177).jpg,612,405,ripe cacao,87,150,210,274
- (177).jpg,612,405,ripe cacao,242,119,383,348
- (178).jpg,612,405,ripe cacao,33,359,92,405
- (178).jpg,612,405,ripe cacao,250,92,333,288
- (18).jpg,408,612,ripe cacao,52,152,244,307
- (18).jpg,408,612,ripe cacao,99,308,217,391
- (18).jpg,408,612,ripe cacao,214,230,368,479
- (180).jpg,612,406,ripe cacao,303,84,410,293
- (181).jpg,612,408,ripe cacao,205,139,262,228
- (182).jpg,408,612,ripe cacao,97,215,197,457
- (182).jpg,408,612,ripe cacao,91,374,180,512
- (182).jpg,408,612,ripe cacao,309,454,383,612
- (183).jpg,612,459,ripe cacao,223,185,339,426
- (184).jpg,612,408,ripe cacao,313,114,441,328
- (185).jpg,612,408,ripe cacao,304,101,430,337
- (186).jpg,612,413,ripe cacao,169,199,257,361
- (187).jpg,612,408,ripe cacao,190,105,299,251
- (187).jpg,612,408,ripe cacao,387,159,480,373
- (188).jpg,612,408,ripe cacao,295,111,345,222
- (189).jpg,408,612,ripe cacao,169,266,229,343
- (189).jpg,408,612,ripe cacao,219,353,252,397
- (189).jpg,408,612,ripe cacao,318,47,374,77
- (19).jpg,612,408,ripe cacao,303,62,420,290
- (19).jpg,612,408,ripe cacao,414,69,549,347
- (190).jpg,612,408,ripe cacao,310,262,373,379
- (190).jpg,612,408,ripe cacao,374,94,434,210
- (190).jpg,612,408,ripe cacao,389,226,464,351
- (190).jpg,612,408,ripe cacao,471,174,548,303
- (191).jpg,612,408,ripe cacao,214,75,366,372
- (193).jpg,612,407,ripe cacao,261,112,320,255
- (194).jpg,612,408,ripe cacao,335,154,385,258
- (194).jpg,612,408,ripe cacao,564,181,610,271
- (195).jpg,612,408,ripe cacao,234,99,386,327
- (196).jpg,612,612,ripe cacao,295,152,446,391
- (197).jpg,612,408,ripe cacao,271,101,396,262
- (198).jpg,612,408,ripe cacao,225,106,365,329
- (199).jpg,406,612,ripe cacao,118,224,260,411
- (2).jpg,612,410,ripe cacao,58,78,599,317
- (20).jpg,612,408,ripe cacao,144,46,280,311
- (200).jpg,612,408,ripe cacao,305,179,340,243
- (201).jpg,612,407,ripe cacao,383,74,520,344
- (202).jpg,408,612,ripe cacao,136,278,278,478
- (203).jpg,276,612,ripe cacao,110,115,223,300
- (204).jpg,612,408,ripe cacao,403,177,457,234
- (205).jpg,459,612,ripe cacao,174,222,295,502
- (206).jpg,612,460,ripe cacao,303,123,385,264
- (206).jpg,612,460,ripe cacao,384,124,487,267
- (206).jpg,612,460,ripe cacao,299,250,367,337
- (206).jpg,612,460,ripe cacao,364,245,422,348
- (206).jpg,612,460,ripe cacao,475,233,524,336
- (206).jpg,612,460,ripe cacao,495,346,545,437
- (206).jpg,612,460,ripe cacao,225,241,287,353
- (207).jpg,612,408,ripe cacao,2,211,96,408
- (207).jpg,612,408,ripe cacao,257,85,395,354
- (209).jpg,612,408,ripe cacao,99,134,168,246
- (21).jpg,612,419,ripe cacao,120,152,201,314
- (21).jpg,612,419,ripe cacao,193,184,251,305
- (21).jpg,612,419,ripe cacao,275,63,393,256
- (21).jpg,612,419,ripe cacao,399,66,512,234
- (21).jpg,612,419,ripe cacao,389,181,446,286
- (21).jpg,612,419,ripe cacao,379,297,425,384
- (21).jpg,612,419,ripe cacao,1,215,75,346
- (21).jpg,612,419,ripe cacao,270,266,301,326
- (21).jpg,612,419,ripe cacao,293,298,338,365
- (210).jpg,612,433,ripe cacao,67,110,133,197
- (210).jpg,612,433,ripe cacao,94,168,168,248
- (210).jpg,612,433,ripe cacao,374,182,432,315
- (210).jpg,612,433,ripe cacao,425,267,511,400
- (211).jpg,612,407,ripe cacao,228,25,299,113
- (211).jpg,612,407,ripe cacao,380,88,454,191
- (211).jpg,612,407,ripe cacao,452,204,512,312
- (212).jpg,408,612,ripe cacao,17,172,175,458
- (213).jpg,408,612,ripe cacao,140,274,246,397
- (213).jpg,408,612,ripe cacao,208,329,297,471
- (215).jpg,612,408,ripe cacao,112,79,252,256
- (216).jpg,432,612,ripe cacao,21,71,101,228
- (216).jpg,432,612,ripe cacao,83,80,186,251
- (216).jpg,432,612,ripe cacao,169,13,285,141
- (216).jpg,432,612,ripe cacao,342,388,431,580
- (216).jpg,432,612,ripe cacao,211,415,274,527
- (217).jpg,408,612,ripe cacao,150,249,243,402
- (218).jpg,408,612,ripe cacao,131,172,249,446
- (219).jpg,612,408,ripe cacao,214,122,344,220
- (220).jpg,612,460,ripe cacao,137,170,291,460
- (222).jpg,409,612,ripe cacao,83,246,124,304
- (222).jpg,409,612,ripe cacao,72,302,124,375
- (222).jpg,409,612,ripe cacao,294,31,353,83
- (223).jpg,612,408,ripe cacao,146,75,247,222
- (223).jpg,612,408,ripe cacao,326,134,448,347
- (224).jpg,612,344,ripe cacao,174,113,293,313
- (224).jpg,612,344,ripe cacao,384,159,492,235
- (224).jpg,612,344,ripe cacao,14,3,120,186
- (226).jpg,408,612,ripe cacao,136,163,294,498
- (227).jpg,408,612,ripe cacao,200,128,258,284
- (227).jpg,408,612,ripe cacao,245,223,318,328
- (227).jpg,408,612,ripe cacao,287,159,351,255
- (227).jpg,408,612,ripe cacao,324,293,382,375
- (227).jpg,408,612,ripe cacao,261,324,311,422
- (227).jpg,408,612,ripe cacao,219,372,265,458
- (227).jpg,408,612,ripe cacao,208,452,268,537
- (228).jpg,409,612,ripe cacao,77,13,118,84
- (228).jpg,409,612,ripe cacao,234,330,262,388
- (228).jpg,409,612,ripe cacao,164,335,196,387
- (228).jpg,409,612,ripe cacao,217,529,254,599
- (229).jpg,408,612,ripe cacao,155,211,193,272
- (229).jpg,408,612,ripe cacao,264,241,304,299
- (229).jpg,408,612,ripe cacao,110,116,153,161
- (229).jpg,408,612,ripe cacao,100,50,146,94
- (229).jpg,408,612,ripe cacao,113,332,149,372
- (229).jpg,408,612,ripe cacao,88,346,122,405
- (229).jpg,408,612,ripe cacao,78,401,107,441
- (230).jpg,407,612,ripe cacao,98,73,318,470
- (231).jpg,612,408,ripe cacao,335,64,475,392
- (232).jpg,408,612,ripe cacao,154,74,290,333
- (232).jpg,408,612,ripe cacao,127,331,238,557
- (233).jpg,612,408,ripe cacao,184,111,292,322
- (233).jpg,612,408,ripe cacao,287,147,391,329
- (233).jpg,612,408,ripe cacao,368,132,474,296
- (234).jpg,612,408,ripe cacao,47,62,155,204
- (234).jpg,612,408,ripe cacao,272,158,383,361
- (234).jpg,612,408,ripe cacao,299,62,418,175
- (235).jpg,408,612,ripe cacao,113,271,232,498
- (235).jpg,408,612,ripe cacao,98,409,180,573
- (235).jpg,408,612,ripe cacao,228,181,335,360
- (235).jpg,408,612,ripe cacao,226,363,346,576
- (236).jpg,612,408,ripe cacao,293,54,432,265
- (237).jpg,612,408,ripe cacao,244,119,337,281
- (237).jpg,612,408,ripe cacao,314,130,407,281
- (237).jpg,612,408,ripe cacao,148,203,225,354
- (238).jpg,612,459,ripe cacao,267,83,428,443
- (239).jpg,408,612,ripe cacao,151,184,214,290
- (239).jpg,408,612,ripe cacao,234,157,294,251
- (239).jpg,408,612,ripe cacao,103,268,147,353
- (24).jpg,612,364,ripe cacao,159,142,233,291
- (24).jpg,612,364,ripe cacao,227,177,280,287
- (24).jpg,612,364,ripe cacao,307,73,420,240
- (24).jpg,612,364,ripe cacao,405,186,460,278
- (24).jpg,612,364,ripe cacao,427,79,528,234
- (24).jpg,612,364,ripe cacao,396,296,434,364
- (24).jpg,612,364,ripe cacao,32,190,112,315
- (242).jpg,612,496,ripe cacao,267,68,442,435
- (243).jpg,459,612,ripe cacao,124,326,203,479
- (243).jpg,459,612,ripe cacao,210,317,279,454
- (243).jpg,459,612,ripe cacao,197,430,275,498
- (243).jpg,459,612,ripe cacao,265,320,336,427
- (243).jpg,459,612,ripe cacao,317,329,375,431
- (243).jpg,459,612,ripe cacao,302,18,366,148
- (246).jpg,612,408,ripe cacao,220,160,324,273
- (246).jpg,612,408,ripe cacao,306,187,398,310
- (247).jpg,408,612,ripe cacao,59,161,125,290
- (247).jpg,408,612,ripe cacao,31,81,106,157
- (247).jpg,408,612,ripe cacao,131,200,233,359
- (247).jpg,408,612,ripe cacao,181,405,274,523
- (248).jpg,612,406,ripe cacao,233,160,318,235
- (248).jpg,612,406,ripe cacao,199,193,261,322
- (248).jpg,612,406,ripe cacao,307,159,366,278
- (248).jpg,612,406,ripe cacao,457,108,518,214
- (248).jpg,612,406,ripe cacao,516,101,566,193
- (249).jpg,408,612,ripe cacao,148,213,266,403
- (249).jpg,408,612,ripe cacao,4,511,122,612
- (25).jpg,612,408,ripe cacao,246,146,360,317
- (250).jpg,612,408,ripe cacao,251,111,350,254
- (250).jpg,612,408,ripe cacao,446,175,541,336
- (250).jpg,612,408,ripe cacao,313,308,387,408
- (250).jpg,612,408,ripe cacao,417,351,485,408
- (251).jpg,408,612,ripe cacao,107,13,160,95
- (251).jpg,408,612,ripe cacao,184,172,253,281
- (251).jpg,408,612,ripe cacao,235,430,287,500
- (251).jpg,408,612,ripe cacao,251,471,305,548
- (252).jpg,406,612,ripe cacao,85,102,309,526
- (253).jpg,612,408,ripe cacao,195,107,301,340
- (253).jpg,612,408,ripe cacao,282,19,433,297
- (254).jpg,612,407,ripe cacao,200,87,286,241
- (254).jpg,612,407,ripe cacao,287,144,370,243
- (254).jpg,612,407,ripe cacao,320,199,404,368
- (254).jpg,612,407,ripe cacao,404,189,508,307
- (256).jpg,612,408,ripe cacao,49,67,152,198
- (256).jpg,612,408,ripe cacao,271,155,383,360
- (256).jpg,612,408,ripe cacao,303,58,416,173
- (257).jpg,408,612,ripe cacao,92,87,141,162
- (257).jpg,408,612,ripe cacao,122,149,177,277
- (257).jpg,408,612,ripe cacao,168,370,224,512
- (257).jpg,408,612,ripe cacao,227,378,280,468
- (257).jpg,408,612,ripe cacao,347,293,405,386
- (257).jpg,408,612,ripe cacao,8,315,71,391
- (259).jpg,612,408,ripe cacao,277,150,352,320
- (259).jpg,612,408,ripe cacao,336,217,409,398
- (259).jpg,612,408,ripe cacao,285,28,357,182
- (26).jpg,409,612,ripe cacao,111,59,278,369
- (26).jpg,409,612,ripe cacao,83,320,234,501
- (260).jpg,612,407,ripe cacao,101,197,188,346
- (260).jpg,612,407,ripe cacao,430,104,512,282
- (261).jpg,408,612,ripe cacao,60,157,131,289
- (261).jpg,408,612,ripe cacao,130,201,237,365
- (261).jpg,408,612,ripe cacao,169,410,278,524
- (262).jpg,408,612,ripe cacao,57,222,175,425
- (262).jpg,408,612,ripe cacao,107,30,228,234
- (262).jpg,408,612,ripe cacao,25,426,131,601
- (264).jpg,408,612,ripe cacao,62,40,190,215
- (264).jpg,408,612,ripe cacao,240,214,283,287
- (264).jpg,408,612,ripe cacao,247,304,270,353
- (264).jpg,408,612,ripe cacao,224,423,243,443
- (264).jpg,408,612,ripe cacao,143,388,181,478
- (264).jpg,408,612,ripe cacao,301,245,314,264
- (265).jpg,612,460,ripe cacao,243,152,362,350
- (266).jpg,408,612,ripe cacao,234,140,390,307
- (268).jpg,408,612,ripe cacao,93,72,294,298
- (268).jpg,408,612,ripe cacao,31,330,206,553
- (27).jpg,408,612,ripe cacao,124,269,229,484
- (27).jpg,408,612,ripe cacao,102,399,172,564
- (27).jpg,408,612,ripe cacao,226,366,359,573
- (27).jpg,408,612,ripe cacao,240,193,339,355
- (270).jpg,408,612,ripe cacao,95,132,161,249
- (270).jpg,408,612,ripe cacao,146,356,226,520
- (270).jpg,408,612,ripe cacao,245,367,335,494
- (271).jpg,612,408,ripe cacao,354,91,491,300
- (272).jpg,612,408,ripe cacao,410,177,454,229
- (272).jpg,612,408,ripe cacao,327,271,338,300
- (273).jpg,612,408,ripe cacao,225,49,335,248
- (274).jpg,612,408,ripe cacao,173,115,345,361
- (274).jpg,612,408,ripe cacao,535,267,612,406
- (274).jpg,612,408,ripe cacao,61,320,135,390
- (275).jpg,459,612,ripe cacao,93,133,280,454
- (276).jpg,612,408,ripe cacao,150,66,284,343
- (276).jpg,612,408,ripe cacao,286,65,446,356
- (276).jpg,612,408,ripe cacao,1,4,71,91
- (277).jpg,612,408,ripe cacao,495,111,552,194
- (277).jpg,612,408,ripe cacao,315,175,354,286
- (278).jpg,408,612,ripe cacao,184,9,361,277
- (278).jpg,408,612,ripe cacao,39,80,200,316
- (279).jpg,612,408,ripe cacao,257,107,341,245
- (279).jpg,612,408,ripe cacao,451,175,531,329
- (279).jpg,612,408,ripe cacao,311,313,382,403
- (279).jpg,612,408,ripe cacao,431,348,480,408
- (280).jpg,612,408,ripe cacao,278,162,325,266
- (281).jpg,612,408,ripe cacao,473,135,552,221
- (281).jpg,612,408,ripe cacao,349,306,371,352
- (283).jpg,612,408,ripe cacao,146,211,218,343
- (283).jpg,612,408,ripe cacao,245,134,332,274
- (283).jpg,612,408,ripe cacao,313,132,406,271
- (284).jpg,408,612,ripe cacao,91,137,337,583
- (286).jpg,612,406,ripe cacao,275,137,374,293
- (287).jpg,408,612,ripe cacao,136,334,229,561
- (287).jpg,408,612,ripe cacao,144,86,295,329
- (289).jpg,612,532,ripe cacao,2,352,77,433
- (289).jpg,612,532,ripe cacao,1,456,104,532
- (289).jpg,612,532,ripe cacao,187,301,230,381
- (289).jpg,612,532,ripe cacao,330,226,423,318
- (289).jpg,612,532,ripe cacao,431,268,494,337
- (289).jpg,612,532,ripe cacao,425,158,520,230
- (289).jpg,612,532,ripe cacao,489,216,540,278
- (29).jpg,612,344,ripe cacao,159,64,246,242
- (29).jpg,612,344,ripe cacao,259,117,338,258
- (29).jpg,612,344,ripe cacao,329,96,426,228
- (290).jpg,407,612,ripe cacao,33,182,115,331
- (290).jpg,407,612,ripe cacao,121,246,193,343
- (290).jpg,407,612,ripe cacao,142,316,232,468
- (290).jpg,407,612,ripe cacao,235,301,341,436
- (291).jpg,612,496,ripe cacao,258,58,444,438
- (292).jpg,612,408,ripe cacao,123,126,510,318
- (294).jpg,612,600,ripe cacao,253,242,395,476
- (295).jpg,459,612,ripe cacao,37,43,326,301
- (295).jpg,459,612,ripe cacao,165,231,432,385
- (295).jpg,459,612,ripe cacao,15,372,350,587
- (297).jpg,408,612,ripe cacao,29,171,122,306
- (297).jpg,408,612,ripe cacao,151,420,249,586
- (297).jpg,408,612,ripe cacao,227,346,304,449
- (297).jpg,408,612,ripe cacao,259,288,386,380
- (298).jpg,276,612,ripe cacao,110,110,218,301
- (299).jpg,410,612,ripe cacao,45,217,175,478
- (299).jpg,410,612,ripe cacao,174,209,334,498
- (3).jpg,612,408,ripe cacao,131,58,184,105
- (3).jpg,612,408,ripe cacao,295,130,359,235
- (3).jpg,612,408,ripe cacao,391,264,467,388
- (3).jpg,612,408,ripe cacao,393,69,422,113
- (30).jpg,612,408,ripe cacao,47,59,154,206
- (30).jpg,612,408,ripe cacao,302,61,412,173
- (30).jpg,612,408,ripe cacao,280,160,385,362
- (300).jpg,407,612,ripe cacao,85,75,309,565
- (31).jpg,612,458,ripe cacao,140,132,289,397
- (33).jpg,612,408,ripe cacao,218,96,367,304
- (34).jpg,612,459,ripe cacao,266,116,393,360
- (35).jpg,407,612,ripe cacao,125,121,256,427
- (36).jpg,612,407,ripe cacao,106,110,239,334
- (36).jpg,612,407,ripe cacao,447,136,556,360
- (37).jpg,612,408,ripe cacao,267,27,412,228
- (37).jpg,612,408,ripe cacao,384,127,531,329
- (38).jpg,612,344,ripe cacao,235,60,388,309
- (39).jpg,612,408,ripe cacao,171,118,331,352
- (39).jpg,612,408,ripe cacao,60,324,137,387
- (39).jpg,612,408,ripe cacao,543,289,610,408
- (39).jpg,612,408,ripe cacao,5,324,55,398
- (4).jpg,408,612,ripe cacao,56,154,238,293
- (4).jpg,408,612,ripe cacao,219,240,376,477
- (4).jpg,408,612,ripe cacao,100,299,219,376
- (40).jpg,459,612,ripe cacao,68,113,223,417
- (41).jpg,459,612,ripe cacao,120,324,205,461
- (41).jpg,459,612,ripe cacao,209,324,275,444
- (41).jpg,459,612,ripe cacao,199,433,269,496
- (41).jpg,459,612,ripe cacao,275,329,335,418
- (41).jpg,459,612,ripe cacao,325,329,377,423
- (41).jpg,459,612,ripe cacao,309,15,359,139
- (42).jpg,612,408,ripe cacao,237,146,361,325
- (44).jpg,612,408,ripe cacao,220,54,365,302
- (44).jpg,612,408,ripe cacao,351,73,501,294
- (45).jpg,408,612,ripe cacao,99,247,307,549
- (46).jpg,612,344,ripe cacao,178,62,276,251
- (47).jpg,320,241,ripe cacao,17,147,104,218
- (49).jpg,612,408,ripe cacao,218,96,369,296
- (5).jpg,410,612,ripe cacao,141,191,299,517
- (50).jpg,612,408,ripe cacao,322,70,461,305
- (52).jpg,429,612,ripe cacao,115,66,320,475
- (53).jpg,408,612,ripe cacao,57,157,147,301
- (53).jpg,408,612,ripe cacao,75,61,150,139
- (53).jpg,408,612,ripe cacao,282,161,363,301
- (53).jpg,408,612,ripe cacao,259,396,337,510
- (54).jpg,612,408,ripe cacao,218,29,331,205
- (54).jpg,612,408,ripe cacao,437,181,561,360
- (55).jpg,612,408,ripe cacao,289,24,441,286
- (55).jpg,612,408,ripe cacao,191,115,305,328
- (56).jpg,612,408,ripe cacao,289,22,434,280
- (56).jpg,612,408,ripe cacao,190,116,322,337
- (57).jpg,612,408,ripe cacao,253,92,398,331
- (58).jpg,612,407,ripe cacao,265,152,366,246
- (59).jpg,408,612,ripe cacao,60,100,204,396
- (62).jpg,408,612,ripe cacao,179,353,272,484
- (62).jpg,408,612,ripe cacao,61,119,86,159
- (63).jpg,612,459,ripe cacao,265,79,425,435
- (64).jpg,612,408,ripe cacao,256,66,519,329
- (65).jpg,459,612,ripe cacao,151,205,309,423
- (66).jpg,320,240,ripe cacao,50,137,81,168
- (66).jpg,320,240,ripe cacao,205,89,233,127
- (66).jpg,320,240,ripe cacao,202,31,233,75
- (67).jpg,612,408,ripe cacao,383,156,534,337
- (68).jpg,612,407,ripe cacao,272,22,458,342
- (69).jpg,612,408,ripe cacao,181,111,291,310
- (69).jpg,612,408,ripe cacao,296,151,394,323
- (69).jpg,612,408,ripe cacao,370,143,475,294
- (7).jpg,612,408,ripe cacao,275,114,385,272
- (73).jpg,612,408,ripe cacao,154,103,274,302
- (74).jpg,612,612,ripe cacao,47,233,184,471
- (74).jpg,612,612,ripe cacao,193,192,324,463
- (74).jpg,612,612,ripe cacao,366,94,468,261
- (75).jpg,612,437,ripe cacao,344,126,439,311
- (78).jpg,612,408,ripe cacao,137,86,307,347
- (79).jpg,612,408,ripe cacao,217,155,321,281
- (79).jpg,612,408,ripe cacao,308,186,398,313
- (8).jpg,612,408,ripe cacao,105,82,489,319
- (80).jpg,612,394,ripe cacao,191,70,509,372
- (81).jpg,612,408,ripe cacao,282,81,457,359
- (82).jpg,612,408,ripe cacao,238,108,398,313
- (83).jpg,408,612,ripe cacao,210,108,332,367
- (85).jpg,434,612,ripe cacao,148,71,289,220
- (85).jpg,434,612,ripe cacao,88,178,190,372
- (86).jpg,612,428,ripe cacao,142,98,545,330
- (87).jpg,612,473,ripe cacao,86,44,264,324
- (87).jpg,612,473,ripe cacao,238,157,434,437
- (88).jpg,408,612,ripe cacao,112,35,243,251
- (88).jpg,408,612,ripe cacao,70,223,176,451
- (88).jpg,408,612,ripe cacao,28,431,132,593
- (89).jpg,406,612,ripe cacao,59,116,326,496
- (9).jpg,612,407,ripe cacao,204,87,282,228
- (9).jpg,612,407,ripe cacao,289,148,357,246
- (9).jpg,612,407,ripe cacao,332,206,409,351
- (9).jpg,612,407,ripe cacao,408,186,503,308
- (90).jpg,490,612,ripe cacao,82,137,314,529
- (91).jpg,612,408,ripe cacao,94,134,232,326
- (91).jpg,612,408,ripe cacao,225,145,388,364
- (92).jpg,612,408,ripe cacao,170,56,342,343
- (94).jpg,612,428,ripe cacao,141,125,468,344
- (95).jpg,612,388,ripe cacao,47,37,572,348
- (96).jpg,612,408,ripe cacao,1,211,120,407
- (96).jpg,612,408,ripe cacao,262,91,408,360
- (97).jpg,612,458,ripe cacao,144,130,289,395
1.jpg,768,1024,black pod rot,235,207,586,1003
10.jpg,684,912,black pod rot,173,254,420,779
101.jpg,612,350,black pod rot,242,98,348,288
102.jpg,405,612,black pod rot,165,136,275,357
104.jpg,405,612,black pod rot,198,173,299,398
105.jpg,405,612,black pod rot,162,134,272,354
109.jpg,612,275,black pod rot,342,91,394,175
109.jpg,612,275,black pod rot,401,108,436,184
109.jpg,612,275,black pod rot,199,180,223,224
109.jpg,612,275,black pod rot,171,131,185,149
11.jpg,853,1280,black pod rot,163,150,637,985
110.jpg,612,344,black pod rot,192,74,231,159
110.jpg,612,344,black pod rot,249,82,312,182
110.jpg,612,344,black pod rot,148,237,196,336
110.jpg,612,344,black pod rot,393,57,422,110
110.jpg,612,344,black pod rot,372,262,399,324
111.jpg,408,612,black pod rot,141,130,258,215
111.jpg,408,612,black pod rot,158,233,252,382
112.jpg,612,408,black pod rot,266,111,383,318
112.jpg,612,408,black pod rot,472,327,542,408
113.jpg,612,359,black pod rot,232,122,356,334
115.jpg,768,1024,black pod rot,161,252,394,601
115.jpg,768,1024,black pod rot,386,367,654,776
116.jpg,933,699,black pod rot,1,2,122,186
116.jpg,933,699,black pod rot,467,200,714,544
116.jpg,933,699,black pod rot,153,362,369,624
117.jpg,904,724,black pod rot,295,230,476,607
118.jpg,959,1280,black pod rot,572,164,814,464
118.jpg,959,1280,black pod rot,562,634,799,1041
118.jpg,959,1280,black pod rot,94,418,351,716
118.jpg,959,1280,black pod rot,214,449,476,864
12.jpeg,1024,768,black pod rot,355,108,661,704
120.jpg,1077,605,black pod rot,379,92,584,550
121.png,0,0,black pod rot,666,42,942,523
121.png,0,0,black pod rot,277,49,539,629
121.png,0,0,black pod rot,520,485,698,1009
121.png,0,0,black pod rot,636,413,942,988
122.jpeg,1280,1208,black pod rot,727,337,1158,1077
122.jpeg,1280,1208,black pod rot,627,543,823,1097
124.jpg,677,969,black pod rot,204,146,542,931
124.jpg,677,969,black pod rot,37,212,225,642
126.jpg,806,810,black pod rot,195,184,452,607
127.jpg,1920,1080,black pod rot,338,412,1810,1046
128.jpg,511,619,black pod rot,156,112,355,548
129.jpg,768,1024,black pod rot,120,215,548,795
13.jpg,768,1024,black pod rot,258,154,694,947
131.jpg,768,1024,black pod rot,174,200,536,944
132.jpg,1600,1200,black pod rot,807,342,1234,922
132.jpg,1600,1200,black pod rot,268,620,625,1069
132.jpg,1600,1200,black pod rot,4,1,211,312
133.jpg,612,408,black pod rot,246,92,321,321
135.jpg,612,408,black pod rot,271,51,371,276
135.jpg,612,408,black pod rot,184,135,289,335
136.jpg,459,612,black pod rot,336,382,379,475
136.jpg,459,612,black pod rot,1,1,159,200
137.jpg,406,612,black pod rot,106,92,273,374
138.jpg,612,408,black pod rot,268,139,336,241
139.jpg,407,612,black pod rot,113,164,294,551
14.jpg,608,342,black pod rot,228,54,336,280
14.jpg,608,342,black pod rot,343,132,492,257
140.jpg,410,612,black pod rot,179,216,309,487
140.jpg,410,612,black pod rot,84,268,179,492
141.jpg,407,612,black pod rot,152,194,254,458
142.jpg,612,459,black pod rot,240,133,423,419
143.jpg,612,408,black pod rot,238,92,360,327
144.jpg,612,408,black pod rot,401,284,446,381
145.jpg,612,344,black pod rot,249,81,312,185
145.jpg,612,344,black pod rot,194,73,229,158
145.jpg,612,344,black pod rot,148,229,197,335
145.jpg,612,344,black pod rot,371,263,403,325
145.jpg,612,344,black pod rot,394,59,418,112
146.jpg,612,350,black pod rot,242,101,351,288
147.jpg,768,1024,black pod rot,196,315,527,959
148.jpg,768,1024,black pod rot,246,276,574,896
149.jpg,768,1024,black pod rot,193,138,717,894
151.jpg,768,1024,black pod rot,303,361,587,900
153.png,331,533,black pod rot,15,15,320,525
154.png,324,532,black pod rot,8,11,312,519
155.png,344,531,black pod rot,100,75,283,516
155.png,344,531,black pod rot,3,106,120,351
157.png,184,166,black pod rot,34,21,65,79
157.png,184,166,black pod rot,130,97,152,148
158.png,293,318,black pod rot,11,24,133,230
158.png,293,318,black pod rot,102,44,264,303
159.png,941,476,black pod rot,742,163,891,416
159.png,941,476,black pod rot,661,271,760,429
159.png,941,476,black pod rot,66,209,225,454
159.png,941,476,black pod rot,594,1,688,93
16.jpg,768,1024,black pod rot,205,129,502,850
160.png,295,298,black pod rot,84,34,191,224
161.png,404,499,black pod rot,17,85,178,447
161.png,404,499,black pod rot,162,11,380,346
162.png,487,651,black pod rot,70,63,379,607
163.png,313,558,black pod rot,128,170,292,477
165.png,396,491,black pod rot,83,46,237,449
166.png,383,502,black pod rot,87,42,308,414
167.png,467,404,black pod rot,62,102,434,257
168.png,418,451,black pod rot,85,74,387,324
17.jpg,1920,1080,black pod rot,877,320,1074,744
170.png,425,556,black pod rot,63,110,342,437
171.png,322,449,black pod rot,79,86,206,406
174.png,369,534,black pod rot,62,76,231,508
176.png,425,544,black pod rot,51,61,363,518
177.png,745,693,black pod rot,6,136,697,427
177.png,745,693,black pod rot,10,447,363,682
178.png,654,688,black pod rot,157,148,424,606
18.jpg,853,1280,black pod rot,171,148,633,986
180.png,676,556,black pod rot,53,126,644,432
181.png,664,710,black pod rot,109,19,397,649
182.png,643,715,black pod rot,92,47,442,675
183.png,699,715,black pod rot,192,109,486,699
184.png,729,615,black pod rot,71,170,728,447
185.png,738,717,black pod rot,199,24,502,702
186.png,713,690,black pod rot,114,164,662,478
187.png,695,673,black pod rot,169,135,451,652
188.png,732,716,black pod rot,291,68,583,686
188.png,732,716,black pod rot,575,261,732,699
189.png,728,689,black pod rot,65,265,638,477
19.jpg,445,594,black pod rot,127,194,280,466
190.png,734,705,black pod rot,24,223,697,549
191.png,703,703,black pod rot,263,248,373,668
192.png,718,735,black pod rot,160,41,445,715
192.png,718,735,black pod rot,478,384,689,726
193.png,703,718,black pod rot,178,93,308,649
195.png,559,402,black pod rot,134,141,302,337
196.png,518,287,black pod rot,205,32,312,215
197.png,279,439,black pod rot,111,143,229,310
198.png,286,440,black pod rot,61,98,161,326
199.png,386,430,black pod rot,156,20,348,301
199.png,386,430,black pod rot,19,85,164,420
2.jpg,1200,800,black pod rot,184,161,395,549
2.jpg,1200,800,black pod rot,450,20,750,206
2.jpg,1200,800,black pod rot,398,155,730,428
20.jpg,768,1024,black pod rot,221,262,574,878
201.png,1088,821,black pod rot,69,152,992,666
202.png,587,854,black pod rot,101,81,520,777
203.png,530,799,black pod rot,107,55,436,743
204.png,1130,788,black pod rot,21,105,1093,618
205.png,562,587,black pod rot,42,132,448,348
206.png,395,648,black pod rot,64,91,273,581
207.png,615,479,black pod rot,14,111,534,326
208.png,589,575,black pod rot,58,157,530,367
21.jpg,1024,767,black pod rot,81,99,925,626
211.png,362,475,black pod rot,132,106,231,398
214.png,347,479,black pod rot,105,154,192,419
215.png,309,432,black pod rot,113,120,192,334
216.png,347,468,black pod rot,193,146,264,295
217.png,350,473,black pod rot,134,129,192,335
218.png,347,472,black pod rot,152,147,227,345
219.png,351,484,black pod rot,58,176,162,392
22.jpg,480,640,black pod rot,176,189,373,524
220.png,326,480,black pod rot,150,121,196,265
222.png,330,455,black pod rot,101,193,192,334
223.png,341,464,black pod rot,85,184,226,386
225.png,347,487,black pod rot,108,86,198,428
226.png,353,489,black pod rot,42,213,158,392
226.png,353,489,black pod rot,203,195,250,328
229.png,350,482,black pod rot,143,108,205,257
23.jpg,1600,1200,black pod rot,822,324,1221,916
23.jpg,1600,1200,black pod rot,304,649,605,1050
23.jpg,1600,1200,black pod rot,21,6,188,303
230.png,344,493,black pod rot,47,333,104,473
230.png,344,493,black pod rot,153,131,190,260
230.png,344,493,black pod rot,262,105,295,163
231.png,329,459,black pod rot,142,99,206,291
232.png,346,476,black pod rot,120,158,211,413
234.png,350,469,black pod rot,121,176,219,344
235.png,359,486,black pod rot,127,185,181,360
236.png,346,484,black pod rot,109,115,182,407
237.png,348,480,black pod rot,112,273,181,401
238.png,366,482,black pod rot,25,94,109,275
238.png,366,482,black pod rot,101,197,172,359
24.jpg,244,215,black pod rot,89,31,157,186
240.png,366,488,black pod rot,3,92,106,372
240.png,366,488,black pod rot,185,155,226,278
243.png,347,472,black pod rot,105,163,204,416
244.png,361,481,black pod rot,118,173,195,374
244.png,361,481,black pod rot,206,260,258,457
245.png,358,489,black pod rot,133,79,211,276
246.png,364,494,black pod rot,144,226,206,346
247.png,359,469,black pod rot,138,247,197,368
249.png,358,475,black pod rot,150,168,198,339
25.jpg,251,201,black pod rot,83,58,127,168
250.png,354,481,black pod rot,82,200,233,361
251.png,355,489,black pod rot,124,137,203,362
252.png,341,478,black pod rot,98,162,191,392
256.png,350,475,black pod rot,126,167,250,334
257.png,353,480,black pod rot,129,178,222,374
259.png,353,471,black pod rot,102,150,177,408
26.jpg,1600,1143,black pod rot,452,162,845,779
260.png,334,459,black pod rot,45,228,112,296
262.png,345,479,black pod rot,150,99,223,304
264.png,354,480,black pod rot,151,155,215,354
265.png,360,484,black pod rot,142,244,178,368
267.png,358,476,black pod rot,125,183,214,353
268.png,352,482,black pod rot,160,193,254,397
269.png,360,464,black pod rot,33,163,81,320
27.jpg,1600,1200,black pod rot,279,640,610,1078
27.jpg,1600,1200,black pod rot,13,1,221,162
27.jpg,1600,1200,black pod rot,805,320,1233,940
273.png,297,448,black pod rot,22,148,144,350
274.png,364,479,black pod rot,136,72,216,266
274.png,364,479,black pod rot,230,305,248,344
274.png,364,479,black pod rot,176,400,208,452
275.png,359,475,black pod rot,168,145,218,284
276.png,365,480,black pod rot,195,239,236,334
276.png,365,480,black pod rot,6,25,41,100
278.png,342,467,black pod rot,132,185,192,363
279.png,343,467,black pod rot,157,186,186,281
280.png,340,490,black pod rot,117,158,183,324
281.png,304,422,black pod rot,87,143,149,318
285.png,358,489,black pod rot,23,150,98,298
285.png,358,489,black pod rot,87,178,176,366
287.png,348,459,black pod rot,145,198,211,350
288.png,341,469,black pod rot,134,149,177,345
289.png,351,487,black pod rot,162,164,246,420
29.jpg,244,215,black pod rot,86,28,161,188
290.png,342,473,black pod rot,108,197,195,405
291.png,350,469,black pod rot,116,106,192,393
292.png,359,480,black pod rot,129,76,222,407
292.png,359,480,black pod rot,7,51,67,154
294.png,352,476,black pod rot,152,280,224,431
295.png,338,465,black pod rot,181,114,244,303
296.png,343,459,black pod rot,174,107,241,300
297.png,332,467,black pod rot,93,152,217,445
298.png,358,481,black pod rot,96,70,216,436
299.png,346,484,black pod rot,183,179,231,330
3.jpg,768,1024,black pod rot,333,346,578,914
30.jpg,1024,768,black pod rot,369,215,534,378
30.jpg,1024,768,black pod rot,442,387,634,622
30.jpg,1024,768,black pod rot,552,204,756,391
300.png,356,486,black pod rot,151,192,223,387
31.jpg,1024,768,black pod rot,368,331,783,603
31.jpg,1024,768,black pod rot,776,471,1024,703
31.jpg,1024,768,black pod rot,533,676,770,768
32.jpg,768,1024,black pod rot,245,270,578,897
34.jpg,768,1024,black pod rot,200,145,733,892
35.jpg,768,1024,black pod rot,206,307,525,965
36.jpg,768,1024,black pod rot,262,179,565,929
37.jpg,768,1024,black pod rot,301,396,471,894
38.jpg,768,1024,black pod rot,148,183,491,810
39.jpg,1024,768,black pod rot,256,156,959,696
4.jpg,768,1024,black pod rot,148,293,610,788
40.jpg,768,1024,black pod rot,275,318,530,703
40.jpg,768,1024,black pod rot,440,3,580,290
41.jpg,480,640,black pod rot,96,183,353,490
42.jpg,768,1024,black pod rot,223,266,580,857
44.jpg,320,320,black pod rot,111,91,256,291
45.jpg,220,220,black pod rot,7,69,81,152
45.jpg,220,220,black pod rot,90,53,156,125
45.jpg,220,220,black pod rot,173,155,208,188
46.jpg,825,1100,black pod rot,334,707,400,811
47.jpg,194,259,black pod rot,63,63,126,182
48.jpg,1200,800,black pod rot,188,164,394,539
48.jpg,1200,800,black pod rot,473,185,718,432
48.jpg,1200,800,black pod rot,432,27,755,207
49.jpg,640,480,black pod rot,99,192,198,355
49.jpg,640,480,black pod rot,499,176,587,310
49.jpg,640,480,black pod rot,449,235,506,316
49.jpg,640,480,black pod rot,423,33,498,134
5.jpg,185,273,black pod rot,34,36,155,247
50.png,297,295,black pod rot,49,69,124,259
51.png,600,450,black pod rot,266,162,315,267
52.jpg,203,248,black pod rot,46,45,107,143
52.jpg,203,248,black pod rot,12,181,44,246
53.jpg,1024,768,black pod rot,171,390,396,662
53.jpg,1024,768,black pod rot,16,4,137,191
53.jpg,1024,768,black pod rot,521,197,795,575
54.jpg,587,1024,black pod rot,41,54,554,999
55.jpg,401,400,black pod rot,41,60,158,351
55.jpg,401,400,black pod rot,163,144,244,357
57.jpg,184,274,black pod rot,56,78,143,233
58.jpg,244,215,black pod rot,87,27,161,189
59.jpg,3097,4696,black pod rot,1062,179,1688,1179
59.jpg,3097,4696,black pod rot,1346,3316,2146,4521
6.jpg,450,300,black pod rot,175,96,254,241
60.jpg,1600,1200,black pod rot,210,179,1254,768
61.png,384,425,black pod rot,81,89,183,245
61.png,384,425,black pod rot,178,51,276,209
61.png,384,425,black pod rot,247,187,366,322
62.jpg,1000,750,black pod rot,269,130,561,608
63.jpg,185,273,black pod rot,30,40,144,248
65.jpeg,215,300,black pod rot,59,7,110,80
65.jpeg,215,300,black pod rot,151,99,207,187
65.jpeg,215,300,black pod rot,76,137,131,204
65.jpeg,215,300,black pod rot,35,138,75,203
65.jpeg,215,300,black pod rot,109,229,145,288
66.jpg,600,475,black pod rot,94,161,144,246
66.jpg,600,475,black pod rot,222,175,301,281
66.jpg,600,475,black pod rot,312,186,406,315
66.jpg,600,475,black pod rot,344,20,382,86
68.jpg,612,408,black pod rot,234,99,399,380
68.jpg,612,408,black pod rot,326,6,557,196
69.jpg,768,1024,black pod rot,172,196,521,958
7.jpg,768,1024,black pod rot,246,272,584,914
71.jpg,6000,4000,black pod rot,984,1078,5384,2956
72.jpg,612,459,black pod rot,217,84,369,311
73.jpg,612,408,black pod rot,278,108,387,333
74.jpg,612,408,black pod rot,370,270,586,343
74.jpg,612,408,black pod rot,294,203,468,258
74.jpg,612,408,black pod rot,348,50,439,150
74.jpg,612,408,black pod rot,266,112,345,188
75.jpg,612,459,black pod rot,412,131,528,356
77.jpg,612,408,black pod rot,106,128,505,322
78.jpg,612,408,black pod rot,346,99,432,371
79.jpg,612,408,black pod rot,270,124,365,350
79.jpg,612,408,black pod rot,350,115,474,259
79.jpg,612,408,black pod rot,347,31,434,108
8.jpg,300,450,black pod rot,128,155,225,305
80.jpg,612,408,black pod rot,231,101,396,363
80.jpg,612,408,black pod rot,307,10,567,192
81.jpg,408,612,black pod rot,150,146,255,187
81.jpg,408,612,black pod rot,164,241,251,362
82.jpg,612,409,black pod rot,305,39,451,171
82.jpg,612,409,black pod rot,164,189,354,367
82.jpg,612,409,black pod rot,374,223,479,368
83.jpg,421,612,black pod rot,52,148,240,523
85.jpg,1280,720,black pod rot,491,61,778,682
86.jpg,242,208,black pod rot,54,1,191,199
87.jpg,768,1024,black pod rot,206,118,495,853
88.jpg,768,1024,black pod rot,223,277,586,870
9.jpg,1920,1080,black pod rot,574,512,1374,892
9.jpg,1920,1080,black pod rot,942,342,1353,507
90.jpg,184,274,black pod rot,55,38,121,237
92.jpg,1000,750,black pod rot,218,248,724,460
94.jpg,184,275,black pod rot,36,73,155,262
95.jpg,185,273,black pod rot,38,43,156,248
96.jpg,220,220,black pod rot,4,75,84,141
96.jpg,220,220,black pod rot,90,53,151,119
96.jpg,220,220,black pod rot,169,144,214,190
97.jpg,800,600,black pod rot,499,122,681,509
